{
  "project_info": {
    "project_number": "719424724231",
    "firebase_url": "https://edumeet-460b1.firebaseio.com",
    "project_id": "edumeet-460b1",
    "storage_bucket": "edumeet-460b1.appspot.com"
  },
  "client": [
    {
      "client_info": {
        "mobilesdk_app_id": "1:719424724231:android:d93b5dc9d7468ee093f9a2",
        "android_client_info": {
          "package_name": "com.example.edumeet"
        }
      },
      "oauth_client": [
        {
          "client_id": "719424724231-4c3hh3u5okum8nohef2intcv6nndmcu2.apps.googleusercontent.com",
          "client_type": 1,
          "android_info": {
            "package_name": "com.example.edumeet",
            "certificate_hash": "73554ac5ac377e8b73ea7a44e621c930df5a796c"
          }
        },
        {
          "client_id": "719424724231-er161gpmt4323ret9cg5mdd459g878pr.apps.googleusercontent.com",
          "client_type": 3
        }
      ],
      "api_key": [
        {
          "current_key": "AIzaSyCAUhToldqSNle7FTGUUvCcYm4gLE-lFeE"
        }
      ],
      "services": {
        "appinvite_service": {
          "other_platform_oauth_client": [
            {
              "client_id": "719424724231-er161gpmt4323ret9cg5mdd459g878pr.apps.googleusercontent.com",
              "client_type": 3
            }
          ]
        }
      }
    }
  ],
  "configuration_version": "1"
}